{"cameraMode":{"drawMode":0,"name":"Shaded","section":"Shading Mode"},"sceneLighting":true,"audioPlay":false,"sceneViewState":{"showFog":true,"showMaterialUpdate":true,"showSkybox":true,"showFlares":true,"showImageEffects":true,"showParticleSystems":true},"in2DMode":false,"pivot":{"x":-12.748791694641114,"y":6.240904808044434,"z":4.3607096672058109},"rotation":{"x":-0.01745007187128067,"y":0.16627287864685059,"z":-0.0030231145210564138,"w":-0.9859591722488403},"size":9.550000190734864,"orthographic":false}